id,student_id,course_id,semester_id,grade,grade_points
1,1,38,1,B,3.0
2,1,37,1,C,2.0
3,1,21,1,C+,2.3
4,2,32,1,A-,3.7
5,2,23,1,C,2.0
6,2,27,1,B,3.0
7,4,39,1,A,4.0
8,4,35,1,B,3.0
9,4,24,1,A,4.0
10,4,34,1,C+,2.3
11,4,6,1,C+,2.3
12,6,7,1,B,3.0
13,6,5,1,B,3.0
14,6,35,1,A,4.0
15,9,8,1,A-,3.7
16,9,23,1,A,4.0
17,9,9,1,C-,1.7
18,9,21,1,C,2.0
19,9,3,1,A,4.0
20,11,30,1,A,4.0
21,11,25,1,B,3.0
22,11,27,1,W,0.0
23,14,17,1,C+,2.3
24,14,1,1,C,2.0
25,14,37,1,B,3.0
26,14,24,1,C,2.0
27,19,29,1,A,4.0
28,19,8,1,A-,3.7
29,21,13,1,A-,3.7
30,21,24,1,A-,3.7
31,21,16,1,B,3.0
32,22,13,1,W,0.0
33,22,6,1,A-,3.7
34,22,9,1,A-,3.7
35,22,35,1,B,3.0
36,24,18,1,B,3.0
37,24,2,1,B,3.0
38,24,13,1,B+,3.3
39,26,13,1,B,3.0
40,26,17,1,D,1.0
41,26,38,1,D,1.0
42,29,24,1,B+,3.3
43,29,6,1,B+,3.3
44,29,3,1,A-,3.7
45,29,35,1,C-,1.7
46,29,8,1,B+,3.3
47,30,26,1,A,4.0
48,30,35,1,A,4.0
49,30,39,1,C+,2.3
50,30,37,1,D,1.0
51,30,25,1,B+,3.3
52,31,35,1,A,4.0
53,31,28,1,C+,2.3
54,31,4,1,C,2.0
55,31,20,1,C+,2.3
56,34,29,1,A,4.0
57,34,8,1,A,4.0
58,34,27,1,B-,2.7
59,34,12,1,C,2.0
60,34,14,1,A-,3.7
61,36,37,1,A-,3.7
62,36,1,1,B,3.0
63,36,9,1,C-,1.7
64,37,25,1,A,4.0
65,37,28,1,B,3.0
66,37,24,1,C-,1.7
67,37,33,1,B,3.0
68,38,13,1,A-,3.7
69,38,8,1,C+,2.3
70,38,25,1,A,4.0
71,38,18,1,A,4.0
72,39,39,1,A,4.0
73,39,35,1,B,3.0
74,39,18,1,B,3.0
75,44,26,1,A,4.0
76,44,11,1,B+,3.3
77,44,6,1,A,4.0
78,44,19,1,B,3.0
79,44,7,1,B+,3.3
80,45,17,1,B,3.0
81,45,31,1,C+,2.3
82,45,11,1,A-,3.7
83,45,25,1,B-,2.7
84,49,22,1,B-,2.7
85,49,26,1,B-,2.7
86,49,25,1,A,4.0
87,49,3,1,B+,3.3
88,54,32,1,A-,3.7
89,54,20,1,A,4.0
90,54,30,1,A-,3.7
91,54,7,1,C,2.0
92,54,12,1,C-,1.7
93,55,37,1,B+,3.3
94,55,22,1,A-,3.7
95,55,12,1,B,3.0
96,55,18,1,B-,2.7
97,55,38,1,A-,3.7
98,56,21,1,D,1.0
99,56,28,1,B-,2.7
100,56,25,1,B,3.0
101,56,11,1,B-,2.7
102,57,35,1,B+,3.3
103,57,14,1,C,2.0
104,57,12,1,A,4.0
105,60,3,1,B+,3.3
106,60,21,1,A-,3.7
107,60,9,1,C+,2.3
108,61,29,1,B+,3.3
109,61,37,1,B-,2.7
110,61,1,1,A,4.0
111,61,24,1,A-,3.7
112,64,39,1,B+,3.3
113,64,13,1,C-,1.7
114,64,20,1,B+,3.3
115,64,30,1,B+,3.3
116,64,21,1,C+,2.3
117,66,15,1,B-,2.7
118,66,7,1,A,4.0
119,66,13,1,A,4.0
120,66,31,1,A-,3.7
121,67,7,1,A-,3.7
122,67,16,1,A-,3.7
123,67,36,1,A,4.0
124,67,4,1,B+,3.3
125,68,33,1,A,4.0
126,68,26,1,B-,2.7
127,68,31,1,D,1.0
128,68,35,1,A,4.0
129,72,7,1,B,3.0
130,72,8,1,A-,3.7
131,72,39,1,B,3.0
132,75,7,1,B-,2.7
133,75,10,1,A,4.0
134,76,26,1,F,0.0
135,76,21,1,B-,2.7
136,76,6,1,A,4.0
137,76,25,1,C+,2.3
138,76,22,1,A,4.0
139,77,14,1,D,1.0
140,77,5,1,A,4.0
141,77,15,1,A,4.0
142,77,18,1,C,2.0
143,79,39,1,C,2.0
144,79,6,1,B-,2.7
145,79,7,1,D,1.0
146,79,22,1,B-,2.7
147,80,14,1,B,3.0
148,80,17,1,B,3.0
149,80,31,1,B+,3.3
150,80,39,1,A-,3.7
151,85,2,1,B+,3.3
152,85,4,1,C,2.0
153,85,38,1,B-,2.7
154,87,21,1,C,2.0
155,87,27,1,A,4.0
156,87,39,1,A,4.0
157,87,25,1,C+,2.3
158,87,34,1,C+,2.3
159,88,33,1,F,0.0
160,88,12,1,C,2.0
161,88,3,1,B,3.0
162,88,11,1,C,2.0
163,90,33,1,B+,3.3
164,90,36,1,B,3.0
165,90,5,1,C,2.0
166,91,1,1,B-,2.7
167,91,4,1,A,4.0
168,91,11,1,B-,2.7
169,93,29,1,B,3.0
170,93,12,1,B+,3.3
171,93,36,1,A,4.0
172,94,11,1,C,2.0
173,94,28,1,B,3.0
174,94,24,1,C+,2.3
175,94,7,1,C,2.0
176,94,27,1,B-,2.7
177,98,24,1,B+,3.3
178,98,28,1,D,1.0
179,98,3,1,A,4.0
180,98,23,1,B,3.0
181,101,39,1,B+,3.3
182,101,24,1,A,4.0
183,101,19,1,B+,3.3
184,102,37,1,A,4.0
185,102,13,1,C,2.0
186,103,11,1,C,2.0
187,103,35,1,C,2.0
188,103,25,1,B,3.0
189,103,2,1,A,4.0
190,105,3,1,W,0.0
191,105,15,1,B,3.0
192,105,17,1,A,4.0
193,105,23,1,A,4.0
194,105,22,1,C+,2.3
195,110,37,1,B-,2.7
196,110,7,1,A,4.0
197,110,2,1,B+,3.3
198,110,4,1,A,4.0
199,110,16,1,B-,2.7
200,111,28,1,C-,1.7
201,111,3,1,C,2.0
202,111,37,1,B,3.0
203,113,29,1,A,4.0
204,113,37,1,A,4.0
205,113,18,1,C,2.0
206,113,4,1,B-,2.7
207,116,29,1,B-,2.7
208,116,37,1,A,4.0
209,116,2,1,B-,2.7
210,116,3,1,A-,3.7
211,116,38,1,C-,1.7
212,118,35,1,B+,3.3
213,118,17,1,C+,2.3
214,118,9,1,B+,3.3
215,121,6,1,B,3.0
216,121,1,1,B-,2.7
217,121,38,1,B+,3.3
218,121,13,1,C+,2.3
219,121,7,1,B-,2.7
220,125,7,1,B-,2.7
221,125,22,1,A,4.0
222,125,17,1,C,2.0
223,126,21,1,A,4.0
224,126,5,1,C+,2.3
225,126,2,1,W,0.0
226,126,33,1,A,4.0
227,127,20,1,B,3.0
228,127,30,1,C,2.0
229,127,23,1,A,4.0
230,128,20,1,B,3.0
231,128,24,1,A,4.0
232,128,34,1,A-,3.7
233,129,16,1,C-,1.7
234,129,17,1,C,2.0
235,129,10,1,A-,3.7
236,130,30,1,A,4.0
237,130,33,1,B-,2.7
238,130,23,1,A-,3.7
239,130,10,1,A,4.0
240,131,12,1,B+,3.3
241,131,28,1,B+,3.3
242,131,11,1,A,4.0
243,131,16,1,B+,3.3
244,132,13,1,B+,3.3
245,132,17,1,B,3.0
246,132,4,1,C,2.0
247,132,25,1,A,4.0
248,133,8,1,A,4.0
249,133,34,1,C,2.0
250,133,24,1,A,4.0
251,133,12,1,C-,1.7
252,136,30,1,A,4.0
253,136,26,1,A,4.0
254,136,5,1,A,4.0
255,136,39,1,B,3.0
256,138,25,1,B+,3.3
257,138,27,1,B+,3.3
258,138,14,1,A,4.0
259,138,38,1,F,0.0
260,138,18,1,A-,3.7
261,141,28,1,B-,2.7
262,141,2,1,B-,2.7
263,141,24,1,A-,3.7
264,141,36,1,F,0.0
265,145,16,1,C+,2.3
266,145,28,1,B,3.0
267,145,35,1,A,4.0
268,145,7,1,A,4.0
269,145,37,1,A,4.0
270,146,33,1,B+,3.3
271,146,28,1,A,4.0
272,146,12,1,F,0.0
273,148,26,1,B-,2.7
274,148,1,1,A,4.0
275,148,34,1,C-,1.7
276,148,38,1,B+,3.3
277,148,11,1,B+,3.3
278,151,2,1,A,4.0
279,151,27,1,B+,3.3
280,151,25,1,A,4.0
281,151,12,1,C,2.0
282,152,35,1,B,3.0
283,152,17,1,A,4.0
284,152,9,1,A,4.0
285,152,36,1,B+,3.3
286,152,27,1,B-,2.7
287,153,7,1,A,4.0
288,153,10,1,B,3.0
289,153,29,1,B,3.0
290,153,30,1,A-,3.7
291,153,9,1,A,4.0
292,154,31,1,B,3.0
293,154,7,1,A,4.0
294,154,38,1,D,1.0
295,154,3,1,B,3.0
296,157,23,1,C,2.0
297,157,11,1,A,4.0
298,157,33,1,C+,2.3
299,157,28,1,B+,3.3
300,161,14,1,C+,2.3
301,161,3,1,A,4.0
302,161,2,1,A,4.0
303,161,13,1,B,3.0
304,161,15,1,B+,3.3
305,164,38,1,B+,3.3
306,164,34,1,B,3.0
307,164,19,1,C-,1.7
308,167,9,1,C-,1.7
309,167,14,1,C-,1.7
310,167,24,1,A,4.0
311,167,29,1,C,2.0
312,167,12,1,A,4.0
313,171,19,1,B-,2.7
314,171,3,1,B,3.0
315,171,26,1,B,3.0
316,171,30,1,C+,2.3
317,171,27,1,B+,3.3
318,175,19,1,C,2.0
319,175,37,1,B,3.0
320,175,28,1,C,2.0
321,175,13,1,F,0.0
322,175,20,1,B,3.0
323,176,36,1,C-,1.7
324,176,32,1,C+,2.3
325,176,38,1,B+,3.3
326,176,24,1,F,0.0
327,176,23,1,C+,2.3
328,178,23,1,C,2.0
329,178,24,1,C,2.0
330,178,34,1,C+,2.3
331,178,20,1,C,2.0
332,178,2,1,A-,3.7
333,179,32,1,B,3.0
334,179,31,1,A-,3.7
335,179,5,1,B,3.0
336,179,29,1,B,3.0
337,180,20,1,C+,2.3
338,180,31,1,A,4.0
339,180,39,1,A,4.0
340,180,2,1,B,3.0
341,180,22,1,A,4.0
342,180,32,1,B+,3.3
343,182,35,1,A,4.0
344,182,6,1,C+,2.3
345,182,13,1,B,3.0
346,182,23,1,A,4.0
347,182,25,1,D,1.0
348,187,5,1,B-,2.7
349,187,12,1,D,1.0
350,187,7,1,A,4.0
351,189,31,1,C+,2.3
352,189,3,1,A,4.0
353,189,24,1,A,4.0
354,189,4,1,C+,2.3
355,191,13,1,A,4.0
356,191,39,1,B,3.0
357,191,8,1,B-,2.7
358,191,38,1,A,4.0
359,194,31,1,C,2.0
360,194,26,1,B+,3.3
361,194,13,1,C,2.0
362,194,34,1,B-,2.7
363,196,27,1,D,1.0
364,196,3,1,W,0.0
365,196,39,1,A,4.0
366,196,17,1,D,1.0
367,197,11,1,A,4.0
368,197,36,1,A-,3.7
369,197,24,1,C-,1.7
370,197,38,1,A,4.0
371,197,19,1,A,4.0
372,198,24,1,C-,1.7
373,198,18,1,B,3.0
374,198,15,1,B,3.0
375,198,22,1,A,4.0
376,199,23,1,C-,1.7
377,199,16,1,C,2.0
378,199,33,1,A,4.0
379,199,24,1,B,3.0
380,206,35,1,A-,3.7
381,206,4,1,A,4.0
382,206,15,1,B-,2.7
383,206,30,1,B,3.0
384,208,23,1,C,2.0
385,208,30,1,C-,1.7
386,208,37,1,A-,3.7
387,208,15,1,C,2.0
388,212,23,1,C,2.0
389,212,6,1,B,3.0
390,212,39,1,B+,3.3
391,212,29,1,A,4.0
392,213,37,1,A-,3.7
393,213,4,1,C,2.0
394,213,33,1,A,4.0
395,213,3,1,B+,3.3
396,215,7,1,A,4.0
397,215,33,1,F,0.0
398,215,12,1,B+,3.3
399,215,18,1,B-,2.7
400,216,5,1,A-,3.7
401,216,9,1,C-,1.7
402,216,4,1,C,2.0
403,216,6,1,B,3.0
404,219,28,1,D,1.0
405,219,34,1,D,1.0
406,219,22,1,A,4.0
407,219,23,1,B+,3.3
408,219,20,1,B,3.0
409,220,14,1,D,1.0
410,220,32,1,W,0.0
411,220,3,1,A,4.0
412,220,18,1,F,0.0
413,222,3,1,B,3.0
414,222,2,1,C+,2.3
415,222,7,1,B-,2.7
416,222,17,1,B+,3.3
417,222,22,1,A,4.0
418,223,6,1,C,2.0
419,223,24,1,C-,1.7
420,223,37,1,A-,3.7
421,223,33,1,D,1.0
422,223,17,1,B,3.0
423,224,29,1,C,2.0
424,224,11,1,C,2.0
425,224,21,1,B,3.0
426,224,10,1,A,4.0
427,225,39,1,B+,3.3
428,225,32,1,B,3.0
429,225,24,1,C,2.0
430,225,34,1,C+,2.3
431,227,17,1,B,3.0
432,227,1,1,A,4.0
433,227,35,1,B+,3.3
434,227,6,1,A,4.0
435,228,33,1,B,3.0
436,228,11,1,A,4.0
437,228,17,1,B+,3.3
438,228,6,1,A,4.0
439,230,30,1,C+,2.3
440,230,34,1,B,3.0
441,230,10,1,C+,2.3
442,230,31,1,B+,3.3
443,231,27,1,D,1.0
444,231,23,1,A,4.0
445,231,32,1,C+,2.3
446,231,38,1,F,0.0
447,234,19,1,B-,2.7
448,234,34,1,B,3.0
449,234,33,1,B-,2.7
450,234,39,1,B+,3.3
451,235,15,1,F,0.0
452,235,27,1,A,4.0
453,235,34,1,B,3.0
454,235,38,1,B,3.0
455,235,4,1,A,4.0
456,236,36,1,C+,2.3
457,236,33,1,A,4.0
458,236,1,1,A-,3.7
459,236,13,1,F,0.0
460,236,14,1,A,4.0
461,237,1,1,B,3.0
462,237,32,1,C,2.0
463,237,23,1,B+,3.3
464,237,31,1,A,4.0
465,237,37,1,A,4.0
466,242,34,1,F,0.0
467,242,18,1,B-,2.7
468,242,33,1,D,1.0
469,242,32,1,A,4.0
470,242,11,1,B,3.0
471,245,31,1,B+,3.3
472,245,18,1,W,0.0
473,245,34,1,B,3.0
474,245,36,1,A-,3.7
475,245,30,1,B+,3.3
476,247,26,1,A,4.0
477,247,38,1,A,4.0
478,247,17,1,B+,3.3
479,247,15,1,C-,1.7
480,247,30,1,C,2.0
481,250,24,1,W,0.0
482,250,37,1,A,4.0
483,250,17,1,B,3.0
484,250,31,1,B,3.0
485,250,19,1,B,3.0
486,252,17,1,B+,3.3
487,252,24,1,F,0.0
488,252,2,1,C,2.0
489,252,15,1,B,3.0
490,254,30,1,B-,2.7
491,254,20,1,D,1.0
492,254,24,1,B,3.0
493,254,31,1,A,4.0
494,254,6,1,B,3.0
495,255,14,1,A,4.0
496,255,19,1,B+,3.3
497,255,29,1,A,4.0
498,255,2,1,B,3.0
499,256,27,1,A,4.0
500,256,25,1,B,3.0
501,256,21,1,A,4.0
502,256,5,1,A,4.0
503,258,13,1,C-,1.7
504,258,3,1,B,3.0
505,258,14,1,C,2.0
506,258,21,1,B,3.0
507,258,39,1,B-,2.7
508,260,34,1,B,3.0
509,260,21,1,B,3.0
510,260,1,1,A-,3.7
511,260,39,1,A,4.0
512,261,16,1,A-,3.7
513,261,5,1,B,3.0
514,261,34,1,D,1.0
515,261,25,1,C,2.0
516,261,23,1,B,3.0
517,263,12,1,A,4.0
518,263,9,1,A,4.0
519,263,1,1,F,0.0
520,263,24,1,C+,2.3
521,263,23,1,D,1.0
522,265,13,1,A,4.0
523,265,20,1,A,4.0
524,265,24,1,A,4.0
525,265,14,1,B,3.0
526,265,5,1,C,2.0
527,275,25,1,C,2.0
528,275,1,1,A,4.0
529,275,26,1,C,2.0
530,277,20,1,D,1.0
531,277,1,1,B-,2.7
532,277,18,1,B,3.0
533,277,3,1,B,3.0
534,284,36,1,B+,3.3
535,284,13,1,B+,3.3
536,284,38,1,B,3.0
537,284,14,1,A-,3.7
538,285,33,1,B+,3.3
539,285,32,1,B-,2.7
540,285,38,1,A,4.0
541,285,39,1,W,0.0
542,286,12,1,B-,2.7
543,286,17,1,B,3.0
544,286,23,1,A-,3.7
545,286,21,1,B,3.0
546,287,3,1,B-,2.7
547,287,14,1,B,3.0
548,287,33,1,D,1.0
549,287,26,1,A,4.0
550,291,23,1,B+,3.3
551,291,26,1,D,1.0
552,291,38,1,B-,2.7
553,291,32,1,D,1.0
554,291,12,1,F,0.0
555,293,23,1,A,4.0
556,293,26,1,D,1.0
557,293,38,1,B-,2.7
558,293,35,1,C,2.0
559,296,24,1,A,4.0
560,296,1,1,B+,3.3
561,296,23,1,C+,2.3
562,296,19,1,W,0.0
563,297,10,1,B,3.0
564,297,34,1,B-,2.7
565,297,19,1,B+,3.3
566,297,21,1,B+,3.3
567,298,1,1,C,2.0
568,298,18,1,A-,3.7
569,298,24,1,B-,2.7
570,298,5,1,B-,2.7
571,298,32,1,B,3.0
572,299,12,1,A,4.0
573,299,17,1,A,4.0
574,299,19,1,W,0.0
575,299,15,1,A,4.0
576,300,7,1,A,4.0
577,300,38,1,B-,2.7
578,300,36,1,B,3.0
579,300,29,1,B+,3.3
580,301,17,1,C-,1.7
581,301,10,1,A-,3.7
582,301,11,1,C-,1.7
583,301,21,1,A,4.0
584,302,1,1,A,4.0
585,302,5,1,A-,3.7
586,302,31,1,C,2.0
587,302,4,1,C-,1.7
588,302,19,1,C+,2.3
589,303,33,1,B-,2.7
590,303,31,1,B,3.0
591,303,21,1,W,0.0
592,303,23,1,B,3.0
593,304,5,1,B+,3.3
594,304,30,1,F,0.0
595,304,20,1,B+,3.3
596,306,5,1,A,4.0
597,306,22,1,B+,3.3
598,306,9,1,C+,2.3
599,308,10,1,W,0.0
600,308,20,1,D,1.0
601,308,28,1,C+,2.3
602,308,12,1,A,4.0
603,309,2,1,A,4.0
604,309,36,1,A-,3.7
605,309,4,1,B,3.0
606,309,23,1,W,0.0
607,309,31,1,C,2.0
608,309,13,1,D,1.0
609,310,20,1,B,3.0
610,310,35,1,B,3.0
611,310,16,1,A-,3.7
612,310,32,1,C,2.0
613,310,33,1,C,2.0
614,312,19,1,C+,2.3
615,312,11,1,C,2.0
616,312,5,1,B,3.0
617,312,14,1,C-,1.7
618,312,27,1,D,1.0
619,312,33,1,B,3.0
620,314,39,1,B-,2.7
621,314,3,1,B-,2.7
622,314,25,1,B,3.0
623,314,9,1,A,4.0
624,316,16,1,B-,2.7
625,316,33,1,B,3.0
626,316,38,1,A,4.0
627,316,14,1,A,4.0
628,317,24,1,A,4.0
629,317,3,1,A,4.0
630,317,39,1,A,4.0
631,317,37,1,A-,3.7
632,319,11,1,B,3.0
633,319,24,1,A-,3.7
634,319,1,1,B,3.0
635,319,5,1,B+,3.3
636,319,35,1,C-,1.7
637,320,10,1,A-,3.7
638,320,39,1,C,2.0
639,320,28,1,A,4.0
640,320,8,1,B-,2.7
641,322,13,1,A-,3.7
642,322,30,1,A,4.0
643,322,17,1,C,2.0
644,322,39,1,B,3.0
645,322,18,1,B,3.0
646,323,25,1,B,3.0
647,323,35,1,A,4.0
648,323,33,1,C+,2.3
649,323,21,1,A-,3.7
650,323,23,1,A,4.0
651,324,27,1,A,4.0
652,324,33,1,C+,2.3
653,324,23,1,B,3.0
654,325,25,1,A,4.0
655,325,5,1,A,4.0
656,325,15,1,B+,3.3
657,325,31,1,B,3.0
658,329,20,1,B,3.0
659,329,15,1,B,3.0
660,329,22,1,B,3.0
661,329,35,1,A,4.0
662,332,33,1,B,3.0
663,332,34,1,B-,2.7
664,332,16,1,A,4.0
665,332,39,1,F,0.0
666,336,31,1,C,2.0
667,336,38,1,B,3.0
668,336,32,1,B,3.0
669,336,10,1,C+,2.3
670,336,24,1,A,4.0
671,337,32,1,A-,3.7
672,337,37,1,C-,1.7
673,337,27,1,A,4.0
674,337,36,1,B,3.0
675,337,11,1,B+,3.3
676,340,9,1,C+,2.3
677,340,7,1,B,3.0
678,340,12,1,B,3.0
679,340,20,1,B+,3.3
680,341,11,1,B,3.0
681,341,3,1,B+,3.3
682,341,5,1,F,0.0
683,341,19,1,C,2.0
684,343,14,1,W,0.0
685,343,6,1,C+,2.3
686,343,24,1,C,2.0
687,344,10,1,A-,3.7
688,344,17,1,B,3.0
689,344,29,1,A,4.0
690,344,15,1,A,4.0
691,346,38,1,C-,1.7
692,346,4,1,C,2.0
693,346,6,1,C,2.0
694,346,32,1,A-,3.7
695,347,26,1,C+,2.3
696,347,39,1,C,2.0
697,348,38,1,B,3.0
698,348,7,1,D,1.0
699,348,9,1,C,2.0
700,348,11,1,A-,3.7
701,348,39,1,C-,1.7
702,350,11,1,B-,2.7
703,350,17,1,W,0.0
704,350,27,1,A,4.0
705,350,3,1,C+,2.3
706,350,34,1,B,3.0
707,356,22,1,F,0.0
708,356,28,1,C,2.0
709,356,17,1,A,4.0
710,356,23,1,C+,2.3
711,360,23,1,A,4.0
712,360,37,1,B+,3.3
713,360,27,1,B,3.0
714,360,4,1,B+,3.3
715,361,18,1,B,3.0
716,361,31,1,A,4.0
717,361,11,1,A,4.0
718,361,7,1,B,3.0
719,363,30,1,C,2.0
720,363,38,1,A-,3.7
721,363,25,1,C+,2.3
722,363,16,1,A,4.0
723,363,13,1,D,1.0
724,365,27,1,C+,2.3
725,365,36,1,A,4.0
726,365,19,1,A,4.0
727,369,25,1,C,2.0
728,369,14,1,C,2.0
729,369,31,1,A,4.0
730,369,16,1,A,4.0
731,371,19,1,B+,3.3
732,371,5,1,C+,2.3
733,371,11,1,A-,3.7
734,372,12,1,F,0.0
735,372,18,1,B+,3.3
736,372,5,1,C-,1.7
737,372,25,1,F,0.0
738,372,14,1,B,3.0
739,374,7,1,B-,2.7
740,374,6,1,A,4.0
741,374,4,1,B+,3.3
742,374,21,1,A,4.0
743,374,5,1,A,4.0
744,376,29,1,A-,3.7
745,376,2,1,A,4.0
746,376,32,1,B,3.0
747,376,38,1,B+,3.3
748,376,28,1,B-,2.7
749,377,31,1,A,4.0
750,377,17,1,A-,3.7
751,377,7,1,B,3.0
752,377,18,1,B,3.0
753,377,8,1,D,1.0
754,379,21,1,C,2.0
755,379,28,1,B+,3.3
756,379,27,1,B+,3.3
757,379,14,1,B,3.0
758,379,38,1,C+,2.3
759,380,6,1,B,3.0
760,380,36,1,D,1.0
761,380,26,1,C-,1.7
762,380,38,1,B+,3.3
763,385,11,1,B,3.0
764,385,31,1,A,4.0
765,385,4,1,B,3.0
766,385,35,1,F,0.0
767,386,21,1,W,0.0
768,386,20,1,A-,3.7
769,386,24,1,A,4.0
770,386,9,1,B+,3.3
771,386,5,1,B,3.0
772,390,6,1,C+,2.3
773,390,35,1,B,3.0
774,390,17,1,B+,3.3
775,390,33,1,C,2.0
776,390,2,1,A,4.0
777,391,37,1,A,4.0
778,391,27,1,C,2.0
779,391,20,1,B,3.0
780,391,2,1,A,4.0
781,392,25,1,C+,2.3
782,392,8,1,C,2.0
783,392,30,1,B,3.0
784,392,4,1,C+,2.3
785,395,13,1,B,3.0
786,395,31,1,A-,3.7
787,395,26,1,C,2.0
788,395,16,1,B,3.0
789,396,5,1,B,3.0
790,396,35,1,D,1.0
791,396,7,1,B,3.0
792,396,9,1,A,4.0
793,397,26,1,A-,3.7
794,397,18,1,A,4.0
795,397,27,1,B-,2.7
796,397,3,1,C+,2.3
797,398,9,1,C+,2.3
798,398,16,1,B+,3.3
799,401,11,1,C,2.0
800,401,18,1,A,4.0
801,401,12,1,B,3.0
802,404,2,1,A-,3.7
803,404,35,1,B+,3.3
804,404,37,1,B+,3.3
805,404,27,1,B,3.0
806,405,29,1,A,4.0
807,405,20,1,B,3.0
808,405,14,1,A,4.0
809,405,6,1,B+,3.3
810,406,33,1,A-,3.7
811,406,35,1,C,2.0
812,406,29,1,A-,3.7
813,406,17,1,B,3.0
814,407,12,1,A,4.0
815,407,6,1,F,0.0
816,407,16,1,A,4.0
817,410,20,1,A,4.0
818,410,5,1,B,3.0
819,410,39,1,B+,3.3
820,410,8,1,C,2.0
821,411,11,1,A-,3.7
822,411,14,1,B+,3.3
823,411,35,1,C,2.0
824,411,38,1,A,4.0
825,411,34,1,A-,3.7
826,413,10,1,F,0.0
827,413,27,1,A,4.0
828,413,31,1,C,2.0
829,413,32,1,A,4.0
830,420,11,1,B,3.0
831,420,19,1,A,4.0
832,420,39,1,A,4.0
833,420,21,1,B-,2.7
834,421,34,1,A,4.0
835,421,31,1,B+,3.3
836,421,11,1,B,3.0
837,421,10,1,F,0.0
838,421,15,1,B,3.0
839,422,32,1,B+,3.3
840,422,7,1,C-,1.7
841,422,18,1,C,2.0
842,423,36,1,C+,2.3
843,423,2,1,B+,3.3
844,423,4,1,B,3.0
845,424,36,1,A,4.0
846,424,7,1,B+,3.3
847,424,31,1,C,2.0
848,424,35,1,B,3.0
849,425,24,1,A,4.0
850,425,4,1,F,0.0
851,425,20,1,D,1.0
852,425,30,1,C-,1.7
853,426,19,1,C,2.0
854,426,36,1,A,4.0
855,426,20,1,C,2.0
856,426,21,1,B,3.0
857,427,24,1,A-,3.7
858,427,10,1,A,4.0
859,427,25,1,B,3.0
860,427,37,1,B,3.0
861,427,19,1,B-,2.7
862,428,35,1,A,4.0
863,428,24,1,A,4.0
864,428,16,1,C,2.0
865,428,2,1,C+,2.3
866,435,8,1,B+,3.3
867,435,5,1,B+,3.3
868,435,25,1,F,0.0
869,435,14,1,B,3.0
870,437,22,1,F,0.0
871,437,23,1,A,4.0
872,437,30,1,B,3.0
873,437,7,1,C-,1.7
874,440,37,1,A-,3.7
875,440,26,1,C,2.0
876,440,25,1,C+,2.3
877,440,23,1,C,2.0
878,440,11,1,A,4.0
879,442,7,1,A,4.0
880,442,17,1,A,4.0
881,442,28,1,A-,3.7
882,442,29,1,C,2.0
883,443,15,1,B,3.0
884,443,23,1,B,3.0
885,443,39,1,A,4.0
886,444,31,1,F,0.0
887,444,28,1,C+,2.3
888,444,19,1,C+,2.3
889,444,38,1,B,3.0
890,445,18,1,B+,3.3
891,445,6,1,D,1.0
892,445,33,1,F,0.0
893,445,23,1,B,3.0
894,446,28,1,D,1.0
895,446,29,1,A,4.0
896,446,1,1,C+,2.3
897,446,13,1,C,2.0
898,446,27,1,A,4.0
899,449,16,1,B,3.0
900,449,25,1,A,4.0
901,449,30,1,A-,3.7
902,451,6,1,C,2.0
903,451,4,1,C+,2.3
904,451,2,1,C,2.0
905,452,1,1,A,4.0
906,452,23,1,A,4.0
907,452,5,1,B,3.0
908,452,31,1,B,3.0
909,455,31,1,A,4.0
910,455,29,1,A,4.0
911,455,26,1,C,2.0
912,455,23,1,B+,3.3
913,456,15,1,C+,2.3
914,456,5,1,C,2.0
915,456,26,1,C,2.0
916,459,25,1,A,4.0
917,459,14,1,C+,2.3
918,459,26,1,A,4.0
919,459,6,1,W,0.0
920,459,39,1,A,4.0
921,460,26,1,B,3.0
922,460,22,1,B-,2.7
923,460,30,1,C+,2.3
924,460,18,1,B,3.0
925,461,7,1,A,4.0
926,461,34,1,A-,3.7
927,461,39,1,B,3.0
928,461,16,1,B+,3.3
929,461,31,1,C+,2.3
930,465,11,1,C,2.0
931,465,22,1,B+,3.3
932,465,33,1,A,4.0
933,465,3,1,B+,3.3
934,468,29,1,C-,1.7
935,468,11,1,A-,3.7
936,468,22,1,B,3.0
937,468,35,1,B,3.0
938,470,30,1,C-,1.7
939,470,6,1,D,1.0
940,470,20,1,B,3.0
941,470,15,1,F,0.0
942,471,25,1,B,3.0
943,471,28,1,W,0.0
944,471,17,1,A-,3.7
945,471,34,1,B-,2.7
946,473,38,1,B+,3.3
947,473,30,1,B+,3.3
948,476,3,1,A,4.0
949,476,2,1,A,4.0
950,476,14,1,A,4.0
951,476,11,1,A,4.0
952,477,2,1,C+,2.3
953,477,11,1,F,0.0
954,477,22,1,A,4.0
955,477,16,1,A,4.0
956,477,37,1,B-,2.7
957,479,4,1,C,2.0
958,479,37,1,A,4.0
959,479,5,1,B+,3.3
960,479,27,1,C+,2.3
961,481,9,1,B-,2.7
962,481,3,1,C,2.0
963,481,24,1,B,3.0
964,482,5,1,B,3.0
965,482,29,1,C+,2.3
966,482,26,1,B-,2.7
967,482,11,1,A,4.0
968,484,38,1,B+,3.3
969,484,31,1,B,3.0
970,484,10,1,A,4.0
971,484,39,1,C,2.0
972,484,6,1,B,3.0
973,487,37,1,B,3.0
974,487,16,1,B+,3.3
975,487,29,1,B-,2.7
976,491,20,1,B+,3.3
977,491,19,1,C,2.0
978,491,22,1,B+,3.3
979,491,2,1,B+,3.3
980,492,13,1,A,4.0
981,492,26,1,A,4.0
982,492,37,1,B,3.0
983,492,22,1,A,4.0
984,498,2,1,B,3.0
985,498,18,1,B-,2.7
986,498,12,1,B+,3.3
987,500,8,1,B+,3.3
988,500,6,1,B+,3.3
989,500,2,1,C,2.0
990,500,4,1,B,3.0
991,501,5,1,C,2.0
992,501,35,1,B,3.0
993,501,25,1,A-,3.7
994,503,5,1,C+,2.3
995,503,29,1,A-,3.7
996,503,34,1,B,3.0
997,503,14,1,B+,3.3
998,504,36,1,C,2.0
999,504,25,1,C,2.0
1000,504,34,1,B,3.0
1001,504,19,1,A,4.0
1002,504,37,1,C,2.0
1003,509,38,1,C,2.0
1004,509,5,1,B,3.0
1005,509,11,1,F,0.0
1006,509,2,1,B,3.0
1007,511,38,1,B,3.0
1008,511,24,1,C+,2.3
1009,511,7,1,A,4.0
1010,512,2,1,A,4.0
1011,512,6,1,B+,3.3
1012,512,14,1,C,2.0
1013,513,22,1,C,2.0
1014,513,8,1,B,3.0
1015,513,4,1,C,2.0
1016,513,39,1,A,4.0
1017,513,29,1,F,0.0
1018,514,3,1,B,3.0
1019,514,26,1,C,2.0
1020,514,37,1,C,2.0
1021,514,28,1,B,3.0
1022,516,7,1,A,4.0
1023,516,6,1,C+,2.3
1024,516,8,1,B,3.0
1025,516,9,1,B,3.0
1026,516,10,1,A,4.0
1027,518,4,1,B,3.0
1028,518,25,1,B+,3.3
1029,518,26,1,C+,2.3
1030,518,7,1,B,3.0
1031,518,1,1,A-,3.7
1032,518,32,1,B+,3.3
1033,519,18,1,F,0.0
1034,519,29,1,A-,3.7
1035,519,19,1,A,4.0
1036,519,36,1,C,2.0
1037,519,16,1,D,1.0
1038,523,15,1,C,2.0
1039,523,35,1,B,3.0
1040,523,36,1,A,4.0
1041,523,21,1,A,4.0
1042,523,4,1,A,4.0
1043,524,5,1,C,2.0
1044,524,4,1,B,3.0
1045,524,2,1,D,1.0
1046,524,17,1,B,3.0
1047,527,11,1,A,4.0
1048,527,37,1,B-,2.7
1049,527,23,1,C-,1.7
1050,527,20,1,C-,1.7
1051,527,32,1,B,3.0
1052,531,31,1,A-,3.7
1053,531,7,1,A,4.0
1054,531,33,1,C+,2.3
1055,531,25,1,B+,3.3
1056,533,17,1,B+,3.3
1057,533,27,1,B+,3.3
1058,533,12,1,A,4.0
1059,533,39,1,B+,3.3
1060,535,30,1,B,3.0
1061,535,22,1,B,3.0
1062,535,18,1,B,3.0
1063,535,1,1,C+,2.3
1064,535,35,1,C,2.0
1065,536,32,1,D,1.0
1066,536,26,1,B,3.0
1067,536,9,1,B,3.0
1068,537,38,1,C,2.0
1069,537,30,1,C+,2.3
1070,537,10,1,A,4.0
1071,537,21,1,B+,3.3
1072,544,4,1,A,4.0
1073,544,30,1,B,3.0
1074,544,15,1,B,3.0
1075,544,36,1,B+,3.3
1076,544,27,1,C,2.0
1077,546,27,1,C,2.0
1078,546,7,1,A,4.0
1079,546,20,1,C,2.0
1080,546,30,1,A,4.0
1081,547,2,1,A,4.0
1082,547,6,1,B+,3.3
1083,548,22,1,C+,2.3
1084,548,8,1,B,3.0
1085,548,27,1,A,4.0
1086,548,20,1,D,1.0
1087,549,11,1,B,3.0
1088,549,17,1,F,0.0
1089,549,10,1,C+,2.3
1090,549,4,1,F,0.0
1091,549,30,1,B,3.0
1092,552,29,1,A,4.0
1093,552,31,1,A-,3.7
1094,552,38,1,A-,3.7
1095,552,9,1,C-,1.7
1096,555,23,1,C,2.0
1097,555,14,1,C-,1.7
1098,555,6,1,A,4.0
1099,556,36,1,B+,3.3
1100,556,4,1,A,4.0
1101,556,9,1,B-,2.7
1102,556,37,1,A,4.0
1103,557,19,1,B,3.0
1104,557,30,1,C,2.0
1105,558,14,1,A,4.0
1106,558,30,1,C-,1.7
1107,558,12,1,B-,2.7
1108,559,35,1,C+,2.3
1109,559,29,1,C,2.0
1110,559,20,1,B+,3.3
1111,559,28,1,A,4.0
1112,560,13,1,A,4.0
1113,560,22,1,C,2.0
1114,560,24,1,B,3.0
1115,560,34,1,A,4.0
1116,561,4,1,D,1.0
1117,561,30,1,C,2.0
1118,561,8,1,A,4.0
1119,563,30,1,A,4.0
1120,563,20,1,B,3.0
1121,563,35,1,A,4.0
1122,564,9,1,B-,2.7
1123,564,26,1,B-,2.7
1124,566,34,1,B,3.0
1125,566,6,1,A-,3.7
1126,566,22,1,F,0.0
1127,566,1,1,A-,3.7
1128,566,5,1,A-,3.7
1129,568,35,1,A-,3.7
1130,568,7,1,B,3.0
1131,568,24,1,B-,2.7
1132,568,21,1,B+,3.3
1133,573,35,1,C,2.0
1134,573,29,1,A,4.0
1135,573,16,1,A,4.0
1136,573,13,1,A,4.0
1137,574,33,1,A,4.0
1138,574,21,1,C,2.0
1139,574,23,1,F,0.0
1140,574,19,1,B,3.0
1141,575,7,1,B+,3.3
1142,575,20,1,D,1.0
1143,575,31,1,A,4.0
1144,577,32,1,A,4.0
1145,577,7,1,C+,2.3
1146,577,21,1,A-,3.7
1147,578,22,1,B-,2.7
1148,578,23,1,A-,3.7
1149,578,21,1,B+,3.3
1150,578,1,1,A,4.0
1151,578,9,1,B+,3.3
1152,580,13,1,A,4.0
1153,580,32,1,A,4.0
1154,580,15,1,A,4.0
1155,580,8,1,A-,3.7
1156,581,38,1,A,4.0
1157,581,26,1,A,4.0
1158,581,28,1,A,4.0
1159,581,20,1,B,3.0
1160,581,15,1,A,4.0
1161,583,16,1,B+,3.3
1162,583,5,1,B,3.0
1163,583,26,1,B,3.0
1164,583,4,1,B+,3.3
1165,583,21,1,B,3.0
1166,587,3,1,A,4.0
1167,587,15,1,B-,2.7
1168,588,25,1,B,3.0
1169,588,36,1,B-,2.7
1170,588,5,1,A,4.0
1171,588,38,1,A,4.0
1172,588,35,1,B,3.0
1173,592,34,1,A,4.0
1174,592,16,1,C-,1.7
1175,592,31,1,D,1.0
1176,592,23,1,B-,2.7
1177,592,9,1,A,4.0
1178,593,25,1,B+,3.3
1179,593,26,1,B+,3.3
1180,593,11,1,B,3.0
1181,593,21,1,B,3.0
1182,593,30,1,C-,1.7
1183,593,7,1,B,3.0
1184,594,10,1,A,4.0
1185,594,15,1,C,2.0
1186,594,32,1,A,4.0
1187,594,33,1,B+,3.3
1188,595,37,1,B,3.0
1189,595,11,1,A-,3.7
1190,595,7,1,D,1.0
1191,595,28,1,A,4.0
1192,596,12,1,C+,2.3
1193,596,35,1,B+,3.3
1194,596,32,1,A-,3.7
1195,598,37,1,C,2.0
1196,598,30,1,A,4.0
1197,598,7,1,A,4.0
1198,598,18,1,B+,3.3
1199,601,31,1,B,3.0
1200,601,25,1,W,0.0
1201,601,13,1,C,2.0
1202,601,29,1,C+,2.3
1203,601,39,1,A,4.0
1204,601,38,1,C,2.0
1205,604,16,1,A,4.0
1206,604,13,1,C,2.0
1207,604,7,1,B-,2.7
1208,604,19,1,D,1.0
1209,605,38,1,F,0.0
1210,605,31,1,D,1.0
1211,605,24,1,A,4.0
1212,605,15,1,C,2.0
1213,605,4,1,A,4.0
1214,610,24,1,B,3.0
1215,610,39,1,A,4.0
1216,610,6,1,C,2.0
1217,617,17,1,A-,3.7
1218,617,15,1,B-,2.7
1219,617,30,1,A-,3.7
1220,617,19,1,B,3.0
1221,619,22,1,C,2.0
1222,619,19,1,A,4.0
1223,619,31,1,B,3.0
1224,619,32,1,A,4.0
1225,623,32,1,B+,3.3
1226,623,11,1,B+,3.3
1227,623,10,1,A,4.0
1228,623,18,1,A,4.0
1229,623,24,1,A,4.0
1230,625,5,1,B,3.0
1231,625,17,1,C,2.0
1232,625,1,1,D,1.0
1233,626,39,1,B,3.0
1234,626,12,1,C+,2.3
1235,626,34,1,C,2.0
1236,626,24,1,C,2.0
1237,626,10,1,A-,3.7
1238,627,13,1,A-,3.7
1239,627,29,1,A,4.0
1240,627,25,1,B-,2.7
1241,629,39,1,A-,3.7
1242,629,23,1,A-,3.7
1243,629,13,1,B-,2.7
1244,629,1,1,D,1.0
1245,631,13,1,A,4.0
1246,631,39,1,A,4.0
1247,631,12,1,C,2.0
1248,631,26,1,A,4.0
1249,631,36,1,A,4.0
1250,639,35,1,A,4.0
1251,639,10,1,A-,3.7
1252,639,7,1,B,3.0
1253,639,36,1,A-,3.7
1254,639,1,1,B-,2.7
1255,639,22,1,B-,2.7
1256,640,1,1,C-,1.7
1257,640,26,1,B-,2.7
1258,640,9,1,A,4.0
1259,642,1,1,D,1.0
1260,642,32,1,A,4.0
1261,642,12,1,B,3.0
1262,645,22,1,A,4.0
1263,645,5,1,C+,2.3
1264,645,31,1,A-,3.7
1265,653,8,1,A,4.0
1266,653,5,1,B-,2.7
1267,653,26,1,C+,2.3
1268,656,14,1,A,4.0
1269,656,10,1,A,4.0
1270,656,3,1,A-,3.7
1271,656,22,1,A-,3.7
1272,657,23,1,B+,3.3
1273,657,1,1,C,2.0
1274,657,27,1,B,3.0
1275,657,17,1,B,3.0
1276,657,32,1,A-,3.7
1277,659,21,1,B,3.0
1278,659,6,1,A,4.0
1279,659,20,1,A-,3.7
1280,659,2,1,C,2.0
1281,661,17,1,B-,2.7
1282,661,38,1,B,3.0
1283,661,4,1,C,2.0
1284,661,13,1,B-,2.7
1285,662,25,1,A-,3.7
1286,662,29,1,A,4.0
1287,662,37,1,A,4.0
1288,664,23,1,B-,2.7
1289,664,37,1,C-,1.7
1290,664,35,1,C+,2.3
1291,664,36,1,A-,3.7
1292,665,26,1,B+,3.3
1293,665,9,1,C,2.0
1294,665,12,1,A,4.0
1295,665,11,1,F,0.0
1296,665,16,1,C+,2.3
1297,668,20,1,B+,3.3
1298,668,33,1,C+,2.3
1299,668,29,1,A,4.0
1300,668,38,1,A,4.0
1301,672,14,1,C,2.0
1302,672,25,1,A-,3.7
1303,672,10,1,B+,3.3
1304,672,20,1,C,2.0
1305,672,8,1,A,4.0
1306,673,13,1,A,4.0
1307,673,30,1,F,0.0
1308,673,19,1,D,1.0
1309,673,25,1,B-,2.7
1310,676,35,1,A-,3.7
1311,676,18,1,C,2.0
1312,676,26,1,B-,2.7
1313,676,15,1,A-,3.7
1314,678,18,1,A-,3.7
1315,678,1,1,C+,2.3
1316,683,24,1,B-,2.7
1317,683,39,1,B,3.0
1318,683,5,1,B-,2.7
1319,683,13,1,B+,3.3
1320,685,22,1,B+,3.3
1321,685,27,1,B+,3.3
1322,685,33,1,B+,3.3
1323,688,17,1,A,4.0
1324,688,24,1,C,2.0
1325,688,29,1,A-,3.7
1326,689,35,1,D,1.0
1327,689,34,1,C,2.0
1328,690,25,1,C-,1.7
1329,690,23,1,C,2.0
1330,690,6,1,A-,3.7
1331,691,13,1,B,3.0
1332,691,7,1,C,2.0
1333,691,35,1,A-,3.7
1334,691,38,1,C,2.0
1335,692,10,1,B,3.0
1336,692,3,1,C-,1.7
1337,692,11,1,A,4.0
1338,698,23,1,B-,2.7
1339,698,3,1,B+,3.3
1340,698,19,1,C,2.0
1341,698,37,1,B+,3.3
1342,706,14,1,C+,2.3
1343,706,16,1,D,1.0
1344,706,23,1,A,4.0
1345,708,37,1,A-,3.7
1346,708,25,1,C,2.0
1347,708,31,1,B,3.0
1348,708,17,1,A,4.0
1349,709,28,1,B,3.0
1350,709,6,1,A-,3.7
1351,709,24,1,B+,3.3
1352,711,23,1,C+,2.3
1353,711,38,1,C+,2.3
1354,711,30,1,B-,2.7
1355,711,26,1,A-,3.7
1356,713,17,1,C,2.0
1357,713,12,1,A-,3.7
1358,713,1,1,C+,2.3
1359,715,37,1,A,4.0
1360,715,7,1,B,3.0
1361,715,30,1,B+,3.3
1362,717,3,1,C-,1.7
1363,717,20,1,B,3.0
1364,717,4,1,C,2.0
1365,717,31,1,B+,3.3
1366,718,19,1,B+,3.3
1367,718,39,1,A,4.0
1368,718,27,1,A,4.0
1369,718,11,1,B+,3.3
1370,718,34,1,A,4.0
1371,719,10,1,A-,3.7
1372,719,33,1,C,2.0
1373,719,25,1,A,4.0
1374,719,38,1,B-,2.7
1375,723,6,1,A,4.0
1376,723,9,1,A-,3.7
1377,723,14,1,A,4.0
1378,723,8,1,W,0.0
1379,723,1,1,B-,2.7
1380,723,13,1,B-,2.7
1381,724,33,1,A,4.0
1382,724,6,1,A,4.0
1383,724,34,1,B,3.0
1384,724,8,1,A,4.0
1385,725,11,1,B,3.0
1386,725,26,1,B-,2.7
1387,725,16,1,B,3.0
1388,725,30,1,B+,3.3
1389,728,30,1,A-,3.7
1390,728,33,1,A,4.0
1391,728,18,1,B,3.0
1392,728,34,1,C+,2.3
1393,728,16,1,C+,2.3
1394,731,27,1,C+,2.3
1395,731,29,1,B+,3.3
1396,731,22,1,B-,2.7
1397,731,31,1,B,3.0
1398,731,1,1,B+,3.3
1399,732,8,1,C+,2.3
1400,732,29,1,B,3.0
1401,732,4,1,C,2.0
1402,732,11,1,C+,2.3
1403,733,31,1,C,2.0
1404,733,17,1,B,3.0
1405,733,14,1,A-,3.7
1406,733,9,1,B-,2.7
1407,734,17,1,F,0.0
1408,734,39,1,B-,2.7
1409,734,11,1,A,4.0
1410,735,6,1,A,4.0
1411,735,32,1,A,4.0
1412,735,28,1,C+,2.3
1413,735,23,1,C+,2.3
1414,737,9,1,A-,3.7
1415,737,28,1,C+,2.3
1416,737,32,1,F,0.0
1417,737,1,1,A-,3.7
1418,742,23,1,C+,2.3
1419,742,25,1,A-,3.7
1420,742,15,1,A,4.0
1421,742,18,1,C,2.0
1422,743,21,1,C+,2.3
1423,743,8,1,A,4.0
1424,743,29,1,A-,3.7
1425,744,36,1,C+,2.3
1426,744,33,1,B,3.0
1427,744,19,1,B+,3.3
1428,744,37,1,A,4.0
1429,747,32,1,D,1.0
1430,747,9,1,B+,3.3
1431,747,2,1,B,3.0
1432,748,9,1,B-,2.7
1433,748,23,1,B+,3.3
1434,748,6,1,C,2.0
1435,748,25,1,A,4.0
1436,750,11,1,C,2.0
1437,750,3,1,A,4.0
1438,750,16,1,B,3.0
1439,752,38,1,B,3.0
1440,752,22,1,A,4.0
1441,752,36,1,B,3.0
1442,753,16,1,D,1.0
1443,753,24,1,B,3.0
1444,753,11,1,B-,2.7
1445,753,38,1,C+,2.3
1446,754,15,1,B,3.0
1447,754,1,1,A,4.0
1448,754,30,1,C-,1.7
1449,754,16,1,B,3.0
1450,755,25,1,B+,3.3
1451,755,3,1,C,2.0
1452,756,27,1,A,4.0
1453,756,4,1,B,3.0
1454,756,2,1,B,3.0
1455,756,13,1,A,4.0
1456,758,1,1,B,3.0
1457,758,36,1,B+,3.3
1458,758,29,1,A,4.0
1459,758,10,1,B,3.0
1460,760,10,1,B+,3.3
1461,760,13,1,B,3.0
1462,760,37,1,B+,3.3
1463,760,11,1,C,2.0
1464,760,15,1,C,2.0
1465,761,10,1,C+,2.3
1466,761,38,1,A-,3.7
1467,761,17,1,A-,3.7
1468,761,30,1,A,4.0
1469,762,36,1,C,2.0
1470,762,20,1,C+,2.3
1471,762,11,1,A,4.0
1472,762,12,1,B+,3.3
1473,763,26,1,B+,3.3
1474,763,34,1,A,4.0
1475,763,28,1,C,2.0
1476,763,30,1,B,3.0
1477,764,32,1,B+,3.3
1478,764,30,1,A,4.0
1479,764,36,1,C+,2.3
1480,764,15,1,A-,3.7
1481,765,29,1,B-,2.7
1482,765,26,1,B+,3.3
1483,765,17,1,B,3.0
1484,765,14,1,A,4.0
1485,769,25,1,A,4.0
1486,769,34,1,C+,2.3
1487,769,19,1,C+,2.3
1488,769,21,1,B-,2.7
1489,772,17,1,B,3.0
1490,772,1,1,A,4.0
1491,772,8,1,A,4.0
1492,773,4,1,B-,2.7
1493,773,12,1,C+,2.3
1494,773,18,1,D,1.0
1495,773,16,1,B,3.0
1496,776,38,1,A,4.0
1497,776,11,1,B+,3.3
1498,776,3,1,B-,2.7
1499,776,19,1,B,3.0
1500,777,27,1,B+,3.3
1501,777,36,1,C+,2.3
1502,777,18,1,A,4.0
1503,777,6,1,B,3.0
1504,779,22,1,D,1.0
1505,779,21,1,A-,3.7
1506,784,34,1,B+,3.3
1507,784,5,1,F,0.0
1508,784,9,1,B,3.0
1509,784,15,1,A-,3.7
1510,789,14,1,D,1.0
1511,789,11,1,C+,2.3
1512,789,1,1,D,1.0
1513,789,22,1,B,3.0
1514,790,2,1,B-,2.7
1515,790,21,1,B+,3.3
1516,790,29,1,B,3.0
1517,790,17,1,A-,3.7
1518,790,15,1,B,3.0
1519,791,21,1,C,2.0
1520,791,25,1,B,3.0
1521,791,28,1,B+,3.3
1522,791,32,1,B-,2.7
1523,791,26,1,C,2.0
1524,796,19,1,A,4.0
1525,796,33,1,A-,3.7
1526,796,1,1,A,4.0
1527,796,18,1,B,3.0
1528,797,25,1,A,4.0
1529,797,2,1,F,0.0
1530,797,24,1,A,4.0
1531,797,7,1,B+,3.3
1532,797,3,1,B-,2.7
1533,798,7,1,A,4.0
1534,798,20,1,B,3.0
1535,798,28,1,A-,3.7
1536,798,14,1,A,4.0
1537,798,27,1,F,0.0
1538,798,37,1,C+,2.3
1539,799,24,1,A,4.0
1540,799,1,1,B+,3.3
1541,799,15,1,D,1.0
1542,799,31,1,C-,1.7
1543,799,9,1,A-,3.7
1544,800,35,1,B-,2.7
1545,800,39,1,B-,2.7
1546,800,10,1,D,1.0
1547,801,37,1,A-,3.7
1548,801,7,1,B-,2.7
1549,801,19,1,B,3.0
1550,801,38,1,F,0.0
1551,802,27,1,A,4.0
1552,802,24,1,C,2.0
1553,802,11,1,C+,2.3
1554,802,22,1,A,4.0
1555,802,18,1,B,3.0
1556,804,36,1,B,3.0
1557,804,27,1,A-,3.7
1558,804,9,1,C,2.0
1559,804,11,1,B-,2.7
1560,806,1,1,C,2.0
1561,806,36,1,B,3.0
1562,806,29,1,B+,3.3
1563,806,25,1,B,3.0
1564,806,27,1,B,3.0
1565,809,26,1,C,2.0
1566,809,12,1,C+,2.3
1567,809,16,1,B+,3.3
1568,810,36,1,B,3.0
1569,810,25,1,C+,2.3
1570,810,34,1,B-,2.7
1571,810,4,1,B-,2.7
1572,810,8,1,C+,2.3
1573,817,7,1,A,4.0
1574,817,35,1,A,4.0
1575,817,20,1,W,0.0
1576,817,29,1,B+,3.3
1577,817,22,1,B,3.0
1578,819,3,1,A,4.0
1579,819,10,1,A,4.0
1580,819,14,1,C,2.0
1581,819,29,1,B+,3.3
1582,819,35,1,B,3.0
1583,821,14,1,A-,3.7
1584,821,25,1,A,4.0
1585,821,19,1,A,4.0
1586,821,24,1,B,3.0
1587,822,34,1,B,3.0
1588,822,9,1,B,3.0
1589,822,20,1,B,3.0
1590,822,13,1,B+,3.3
1591,827,21,1,C+,2.3
1592,827,3,1,A,4.0
1593,827,24,1,C-,1.7
1594,827,10,1,A,4.0
1595,827,14,1,A,4.0
1596,828,36,1,B-,2.7
1597,828,37,1,B,3.0
1598,828,10,1,B+,3.3
1599,828,33,1,A,4.0
1600,830,29,1,B,3.0
1601,830,36,1,B,3.0
1602,830,32,1,B+,3.3
1603,830,21,1,B+,3.3
1604,830,15,1,A,4.0
1605,831,9,1,B,3.0
1606,831,33,1,B-,2.7
1607,831,1,1,B+,3.3
1608,831,25,1,B+,3.3
1609,831,2,1,B,3.0
1610,833,33,1,C,2.0
1611,833,2,1,C,2.0
1612,833,31,1,B,3.0
1613,834,38,1,B+,3.3
1614,834,29,1,C-,1.7
1615,834,31,1,B,3.0
1616,835,14,1,B,3.0
1617,835,7,1,B,3.0
1618,835,16,1,A,4.0
1619,835,18,1,B,3.0
1620,837,33,1,C-,1.7
1621,837,20,1,B-,2.7
1622,837,12,1,A,4.0
1623,837,16,1,B+,3.3
1624,838,36,1,C+,2.3
1625,838,1,1,B-,2.7
1626,838,13,1,C-,1.7
1627,840,1,1,B+,3.3
1628,840,2,1,B,3.0
1629,840,3,1,A-,3.7
1630,840,25,1,C,2.0
1631,841,16,1,B,3.0
1632,841,30,1,C+,2.3
1633,841,22,1,C,2.0
1634,841,6,1,A,4.0
1635,844,5,1,C,2.0
1636,844,1,1,B+,3.3
1637,844,23,1,B-,2.7
1638,844,31,1,C-,1.7
1639,847,4,1,B,3.0
1640,847,39,1,A,4.0
1641,847,33,1,B,3.0
1642,847,1,1,B-,2.7
1643,859,30,1,B-,2.7
1644,859,39,1,B,3.0
1645,859,6,1,A-,3.7
1646,859,23,1,A,4.0
1647,860,25,1,C,2.0
1648,860,14,1,A,4.0
1649,860,37,1,A,4.0
1650,862,24,1,B,3.0
1651,862,38,1,A-,3.7
1652,862,4,1,B,3.0
1653,862,37,1,A-,3.7
1654,862,34,1,C,2.0
1655,868,6,1,B+,3.3
1656,868,8,1,F,0.0
1657,868,12,1,C+,2.3
1658,868,22,1,C,2.0
1659,868,33,1,B+,3.3
1660,875,12,1,B+,3.3
1661,875,18,1,B,3.0
1662,875,23,1,C,2.0
1663,875,14,1,C+,2.3
1664,875,17,1,A,4.0
1665,876,2,1,B+,3.3
1666,876,13,1,B+,3.3
1667,876,10,1,A,4.0
1668,876,25,1,F,0.0
1669,877,38,1,A,4.0
1670,877,35,1,B,3.0
1671,877,18,1,B+,3.3
1672,880,35,1,D,1.0
1673,880,4,1,C+,2.3
1674,880,9,1,C+,2.3
1675,881,23,1,B+,3.3
1676,881,14,1,A,4.0
1677,881,28,1,C,2.0
1678,881,21,1,C,2.0
1679,882,23,1,C+,2.3
1680,882,36,1,C+,2.3
1681,882,5,1,A,4.0
1682,882,15,1,B,3.0
1683,884,16,1,B+,3.3
1684,884,32,1,B+,3.3
1685,884,4,1,B-,2.7
1686,884,24,1,B+,3.3
1687,885,36,1,A,4.0
1688,885,21,1,D,1.0
1689,885,18,1,B+,3.3
1690,885,35,1,A,4.0
1691,886,21,1,A-,3.7
1692,886,13,1,C,2.0
1693,886,26,1,C+,2.3
1694,886,24,1,B-,2.7
1695,886,10,1,B-,2.7
1696,886,1,1,B,3.0
1697,887,26,1,B,3.0
1698,887,38,1,B,3.0
1699,887,12,1,B,3.0
1700,887,1,1,C,2.0
1701,887,5,1,A,4.0
1702,888,6,1,A-,3.7
1703,888,27,1,D,1.0
1704,888,25,1,B+,3.3
1705,888,29,1,C,2.0
1706,889,11,1,A-,3.7
1707,889,1,1,A-,3.7
1708,889,32,1,B+,3.3
1709,889,38,1,B+,3.3
1710,892,28,1,B-,2.7
1711,892,12,1,A,4.0
1712,892,10,1,C+,2.3
1713,892,8,1,B+,3.3
1714,894,25,1,C-,1.7
1715,894,13,1,A,4.0
1716,894,29,1,B+,3.3
1717,897,11,1,B+,3.3
1718,897,7,1,C,2.0
1719,897,24,1,B-,2.7
1720,897,32,1,A-,3.7
1721,901,24,1,B+,3.3
1722,901,23,1,A-,3.7
1723,901,21,1,B,3.0
1724,901,29,1,B+,3.3
1725,902,29,1,B,3.0
1726,902,15,1,B-,2.7
1727,902,12,1,A,4.0
1728,902,9,1,B,3.0
1729,902,4,1,C,2.0
1730,903,19,1,C,2.0
1731,903,16,1,B+,3.3
1732,903,3,1,B,3.0
1733,906,35,1,A-,3.7
1734,906,12,1,C-,1.7
1735,906,7,1,W,0.0
1736,906,1,1,A-,3.7
1737,908,38,1,C+,2.3
1738,908,35,1,A,4.0
1739,909,29,1,C-,1.7
1740,909,7,1,A,4.0
1741,909,11,1,A,4.0
1742,916,37,1,A,4.0
1743,916,13,1,C,2.0
1744,916,38,1,C+,2.3
1745,919,19,1,C+,2.3
1746,919,28,1,C+,2.3
1747,919,25,1,A-,3.7
1748,919,8,1,D,1.0
1749,920,33,1,F,0.0
1750,920,3,1,A,4.0
1751,920,15,1,B,3.0
1752,920,10,1,A,4.0
1753,921,8,1,C,2.0
1754,921,12,1,B-,2.7
1755,921,34,1,B+,3.3
1756,921,38,1,B+,3.3
1757,921,14,1,A,4.0
1758,922,16,1,D,1.0
1759,922,10,1,A,4.0
1760,922,20,1,C,2.0
1761,924,29,1,C+,2.3
1762,924,3,1,C,2.0
1763,924,33,1,A-,3.7
1764,924,21,1,B,3.0
1765,924,16,1,B+,3.3
1766,927,28,1,A,4.0
1767,927,11,1,A-,3.7
1768,927,7,1,A,4.0
1769,927,17,1,B+,3.3
1770,928,31,1,C+,2.3
1771,928,2,1,B+,3.3
1772,928,16,1,A-,3.7
1773,928,37,1,B,3.0
1774,929,15,1,A,4.0
1775,929,22,1,A,4.0
1776,929,21,1,C+,2.3
1777,931,23,1,A,4.0
1778,931,8,1,C+,2.3
1779,931,10,1,A,4.0
1780,931,22,1,B,3.0
1781,932,19,1,A,4.0
1782,932,39,1,A-,3.7
1783,932,20,1,B,3.0
1784,933,7,1,B+,3.3
1785,933,21,1,W,0.0
1786,933,2,1,A,4.0
1787,933,38,1,A,4.0
1788,934,21,1,A-,3.7
1789,934,36,1,B+,3.3
1790,934,33,1,C,2.0
1791,934,5,1,A,4.0
1792,937,28,1,C+,2.3
1793,937,20,1,C+,2.3
1794,937,21,1,A,4.0
1795,937,32,1,C-,1.7
1796,939,36,1,A,4.0
1797,939,13,1,A,4.0
1798,939,15,1,A,4.0
1799,939,3,1,C,2.0
1800,942,25,1,B+,3.3
1801,942,39,1,A-,3.7
1802,942,33,1,D,1.0
1803,942,38,1,C,2.0
1804,945,26,1,C-,1.7
1805,945,28,1,A,4.0
1806,945,33,1,A,4.0
1807,945,23,1,B,3.0
1808,948,39,1,B,3.0
1809,948,18,1,C,2.0
1810,948,17,1,B+,3.3
1811,956,39,1,A,4.0
1812,956,26,1,D,1.0
1813,956,18,1,A,4.0
1814,956,36,1,B-,2.7
1815,957,12,1,B+,3.3
1816,957,26,1,A,4.0
1817,957,17,1,C+,2.3
1818,960,21,1,B+,3.3
1819,960,17,1,B+,3.3
1820,960,11,1,B+,3.3
1821,960,35,1,C-,1.7
1822,964,36,1,C+,2.3
1823,964,23,1,B+,3.3
1824,964,28,1,B,3.0
1825,964,26,1,C-,1.7
1826,966,20,1,C+,2.3
1827,966,29,1,A,4.0
1828,966,39,1,A,4.0
1829,967,30,1,A,4.0
1830,967,14,1,B-,2.7
1831,967,15,1,B,3.0
1832,967,9,1,D,1.0
1833,970,5,1,A,4.0
1834,970,10,1,C+,2.3
1835,970,26,1,A,4.0
1836,973,9,1,B+,3.3
1837,973,21,1,B,3.0
1838,973,22,1,B,3.0
1839,973,16,1,B+,3.3
1840,973,28,1,A-,3.7
1841,974,16,1,A-,3.7
1842,974,11,1,B+,3.3
1843,974,1,1,B-,2.7
1844,977,26,1,A,4.0
1845,977,36,1,A-,3.7
1846,977,7,1,B,3.0
1847,977,13,1,C+,2.3
1848,977,3,1,A,4.0
1849,982,29,1,B+,3.3
1850,982,12,1,C,2.0
1851,982,5,1,B,3.0
1852,982,39,1,C,2.0
1853,983,23,1,W,0.0
1854,983,9,1,D,1.0
1855,983,19,1,A,4.0
1856,983,27,1,A,4.0
1857,984,8,1,F,0.0
1858,984,20,1,A-,3.7
1859,984,12,1,B,3.0
1860,984,4,1,B,3.0
1861,984,9,1,A,4.0
1862,988,37,1,C-,1.7
1863,988,23,1,A-,3.7
1864,988,33,1,A,4.0
1865,990,4,1,A-,3.7
1866,990,8,1,B+,3.3
1867,990,24,1,B-,2.7
1868,991,20,1,D,1.0
1869,991,1,1,C+,2.3
1870,991,22,1,C+,2.3
1871,991,9,1,A-,3.7
1872,992,33,1,A,4.0
1873,992,30,1,B+,3.3
1874,992,2,1,A,4.0
1875,992,28,1,B+,3.3
1876,992,1,1,B,3.0
1877,992,8,1,B,3.0
1878,994,5,1,B,3.0
1879,994,8,1,C,2.0
1880,994,20,1,B+,3.3
1881,994,9,1,B-,2.7
1882,998,10,1,C+,2.3
1883,998,27,1,C-,1.7
1884,998,11,1,C,2.0
1885,1001,16,1,D,1.0
1886,1001,1,1,A-,3.7
1887,1001,25,1,C,2.0
1888,1001,35,1,C,2.0
1889,1004,9,1,B,3.0
1890,1004,27,1,B+,3.3
1891,1004,10,1,A,4.0
1892,1006,6,1,F,0.0
1893,1006,29,1,B-,2.7
1894,1006,25,1,A-,3.7
1895,1006,24,1,A,4.0
1896,1007,8,1,A,4.0
1897,1007,33,1,A,4.0
1898,1007,32,1,B,3.0
1899,1007,34,1,A,4.0
1900,1007,11,1,A,4.0
1901,1009,34,1,B,3.0
1902,1009,26,1,A,4.0
1903,1009,31,1,A-,3.7
1904,1009,30,1,B,3.0
1905,1009,2,1,A,4.0
1906,1009,38,1,A-,3.7
1907,1010,36,1,A-,3.7
1908,1010,18,1,B+,3.3
1909,1010,17,1,B-,2.7
1910,1010,1,1,B-,2.7
1911,1010,5,1,A,4.0
1912,1011,39,1,B,3.0
1913,1011,12,1,C,2.0
1914,1011,32,1,B+,3.3
1915,1011,22,1,D,1.0
1916,1012,22,1,B+,3.3
1917,1012,13,1,A-,3.7
1918,1012,12,1,B-,2.7
1919,1012,21,1,C+,2.3
1920,1013,5,1,C+,2.3
1921,1013,9,1,A-,3.7
1922,1013,34,1,C,2.0
1923,1013,7,1,B,3.0
1924,1013,35,1,C+,2.3
1925,1015,6,1,B+,3.3
1926,1015,20,1,C-,1.7
1927,1015,3,1,A,4.0
1928,1016,7,1,W,0.0
1929,1016,13,1,A,4.0
1930,1016,32,1,A-,3.7
1931,1016,28,1,C+,2.3
1932,1016,18,1,A-,3.7
1933,1019,37,1,A,4.0
1934,1019,33,1,B,3.0
1935,1019,1,1,B+,3.3
1936,1019,22,1,A-,3.7
1937,1019,34,1,F,0.0
1938,1020,6,1,B,3.0
1939,1020,36,1,C,2.0
1940,1020,11,1,B-,2.7
1941,1021,14,1,B,3.0
1942,1021,28,1,F,0.0
1943,1021,3,1,C+,2.3
1944,1021,1,1,B-,2.7
1945,1022,26,1,B,3.0
1946,1022,30,1,A-,3.7
1947,1022,22,1,A-,3.7
1948,1022,2,1,A,4.0
1949,1022,17,1,C+,2.3
1950,1023,2,1,A,4.0
1951,1023,20,1,A,4.0
1952,1023,27,1,D,1.0
1953,1023,38,1,A,4.0
1954,1028,29,1,F,0.0
1955,1028,6,1,B+,3.3
1956,1028,17,1,D,1.0
1957,1028,15,1,B,3.0
1958,1029,21,1,B,3.0
1959,1029,28,1,B,3.0
1960,1029,17,1,C+,2.3
1961,1029,22,1,B-,2.7
1962,1030,8,1,C,2.0
1963,1030,12,1,A,4.0
1964,1030,24,1,A,4.0
1965,1030,29,1,C,2.0
1966,1030,10,1,C+,2.3
1967,1030,25,1,C+,2.3
1968,1031,23,1,A,4.0
1969,1031,8,1,C-,1.7
1970,1031,20,1,A-,3.7
1971,1031,37,1,B,3.0
1972,1033,37,1,D,1.0
1973,1033,39,1,A,4.0
1974,1033,3,1,B,3.0
1975,1033,7,1,A,4.0
1976,1035,13,1,B,3.0
1977,1035,34,1,B+,3.3
1978,1035,33,1,B-,2.7
1979,1035,3,1,D,1.0
1980,1038,13,1,C,2.0
1981,1038,3,1,C,2.0
1982,1038,30,1,B,3.0
1983,1039,20,1,B+,3.3
1984,1039,27,1,B-,2.7
1985,1039,6,1,F,0.0
1986,1039,10,1,A,4.0
1987,1042,3,1,B,3.0
1988,1042,22,1,A,4.0
1989,1042,37,1,A-,3.7
1990,1042,18,1,C,2.0
1991,1044,23,1,C,2.0
1992,1044,13,1,B+,3.3
1993,1044,29,1,A-,3.7
1994,1044,32,1,B+,3.3
1995,1045,30,1,A,4.0
1996,1045,11,1,A,4.0
1997,1045,7,1,A,4.0
1998,1045,9,1,A,4.0
1999,1047,8,1,A,4.0
2000,1047,21,1,W,0.0
